id,sex,bw_6,bw_12,bw_18,bw_24,dead,age(days),target
JL06470,0,36,39,47,49,1,844,304
JL06585,0,33,36,41,66,1,975,435
JL06586,0,34,51,53,0,1,721,181
JL06587,0,28,33,35,0,1,609,69
JL06588,0,31,43,41,35,1,969,429
JL07009,0,37,43,33,40,1,898,358
JL07010,0,44,35,44,44,1,1170,630
JL07011,0,40,34,40,29,1,900,360
JL07012,0,39,36,38,43,1,1015,475
JL07033,0,38,40,42,41,1,800,260
JL07034,0,42,44,52,53,1,785,245
JL07035,0,47,49,45,46,1,751,211
JL07036,0,55,58,61,0,1,673,133
JL07103,0,27,31,37,37,1,1087,547
JL07104,0,45,61,68,56,1,805,265
JL07105,0,31,36,38,41,1,1106,566
JL07106,0,40,50,58,62,1,861,321
JL07107,0,36,39,43,48,1,958,418
JL07108,0,25,29,37,42,1,1017,477
JL07109,0,28,37,39,43,1,896,356
JL07110,0,26,30,30,0,1,702,162
JL07111,0,24,27,30,40,1,888,348
JL07112,0,27,28,28,30,1,888,348
JL07113,0,26,28,34,36,1,910,370
JL07114,0,27,27,29,30,1,1057,517
JL07178,0,41,44,47,45,1,775,235
JL07179,0,40,44,48,40,1,978,438
JL07180,0,32,34,37,38,1,746,206
JL07181,0,28,30,34,38,1,875,335
JL07186,0,29,32,37,38,1,1120,580
JL07187,0,30,33,37,42,1,935,395
JL07188,0,40,44,30,34,1,861,321
JL07189,0,53,57,44,34,1,1006,466
JL07244,0,41,42,47,46,1,757,217
JL07245,0,41,39,51,39,1,1085,545
JL07246,0,28,28,28,34,1,798,258
JL07292,0,41,42,43,43,1,788,248
JL07293,0,26,38,39,38,1,892,352
JL07294,0,28,38,46,48,1,832,292
JL07295,0,24,30,38,35,1,1040,500
JL07419,0,50,53,53,0,1,1249,709
JL07420,0,24,32,34,30,1,818,278
JL07421,0,30,39,43,42,1,725,185
JL07422,0,27,39,41,0,1,886,346
JL07443,0,45,49,48,39,1,917,377
JL07444,0,28,46,44,46,1,798,258
JL07445,0,30,33,42,41,1,735,195
JL07446,0,24,29,34,19,1,742,202
JL07451,0,31,34,35,36,1,708,168
JL07452,0,38,51,50,0,1,819,279
JL07453,0,28,30,36,34,1,805,265
JL07454,0,27,33,38,39,1,644,104
JL07455,0,26,32,34,0,1,895,355
JL07456,0,37,46,49,50,1,861,321
JL07457,0,36,42,48,52,1,752,212
JL07458,0,39,44,0,0,0,650,110
JL07544,0,49,53,55,54,1,379,-161
JL07545,0,33,42,45,45,1,875,335
JL07546,0,25,25,0,0,1,1057,517
JL07547,0,21,22,22,26,1,749,209
JL07587,0,50,55,49,46,1,1207,667
JL07588,0,39,43,45,0,1,1152,612
JL07589,0,30,40,45,49,1,1195,655
JL07590,0,25,37,35,38,1,837,297
JL07595,0,34,35,34,35,1,1267,727
JL07596,0,29,41,47,48,1,805,265
JL07597,0,32,36,45,44,1,1003,463
JL07598,0,39,50,52,38,1,304,-236
JL07599,0,44,54,51,53,1,855,315
JL07600,0,25,0,0,0,1,896,356
JL07601,0,39,48,50,51,1,756,216
JL07602,0,29,37,43,47,1,1170,630
JL07615,0,34,37,43,38,1,794,254
JL07616,0,34,43,46,48,1,865,325
JL07617,0,27,31,38,42,1,907,367
JL07618,0,29,42,51,55,1,634,94
JL07619,0,28,40,47,48,1,594,54
JL07620,0,27,32,39,0,1,1019,479
JL07621,0,24,29,33,0,1,1062,522
JL07622,0,29,39,41,45,1,746,206
JL07623,0,31,36,38,38,1,894,354
JL07624,0,29,31,33,34,1,1077,537
JL07625,0,34,36,39,38,1,907,367
JL07626,0,36,41,47,50,1,613,73
JL07635,0,38,46,52,50,1,1142,602
JL07636,0,38,45,41,0,1,975,435
JL07637,0,32,43,47,52,1,1086,546
JL07638,0,26,33,40,40,1,975,435
JL07717,0,40,47,50,44,1,991,451
JL07718,0,38,44,45,40,1,997,457
JL07719,0,33,42,55,62,1,924,384
JL07720,0,21,26,32,35,1,620,80
JL07743,0,44,45,44,0,1,964,424
JL07744,0,49,47,54,0,1,731,191
JL07745,0,22,25,26,26,1,906,366
JL07746,0,31,40,47,0,1,1091,551
JL07769,0,40,45,45,47,1,829,289
JL07770,0,42,44,41,0,1,928,388
JL07771,0,29,35,44,44,1,1028,488
JL07772,0,27,37,48,54,1,879,339
UM29792,0,23,28,18.3,0,1,584,44
UM29799,0,22,22.5,23.2,0,1,652,112
UM29806,0,30,37.9,40.8,34.6,1,829,289
UM29813,0,23,28.1,33.5,0,1,679,139
UM30016,0,22,22.9,25.2,26.4,1,850,310
UM30023,0,22,30.4,33.1,32.2,1,824,284
UM30030,0,23,30.8,30.6,28.1,1,1000,460
UM30037,0,27,31.9,33.7,34,1,1051,511
UM30275,0,26,38.6,36.8,33,1,1051,511
UM30282,0,20,0,0,0,1,216,-324
UM30289,0,28,29.4,32.5,32.3,1,774,234
UM30296,0,25,32,0,0,1,498,-42
UM30485,0,22,30.5,31.3,30.8,1,1164,624
UM30492,0,26,38.1,46.3,45.9,1,859,319
UM30499,0,24,30.4,34.7,41.9,1,1051,511
UM30506,0,28,42.6,44,29.1,1,754,214
UM30646,0,25,34,32.5,33.9,1,1033,493
UM30653,0,32,42.5,43.9,41.5,1,1022,482
UM30660,0,25,32.6,37.5,37.7,1,1077,537
UM30667,0,24,27.9,27.8,29.4,1,965,425
UM30856,0,29,44,50.8,47,1,834,294
UM30863,0,26,36.2,38.9,39.5,1,823,283
UM30870,0,27,37.1,41.3,42.6,1,1043,503
UM30877,0,30,43.7,51.4,50.9,1,1171,631
UM30968,0,25,32.4,33.7,36.3,1,894,354
UM30975,0,23,26.8,29.6,32.3,1,902,362
UM30982,0,23,28.8,28.9,31.6,1,1004,464
UM30989,0,26,29.3,34,30.7,1,887,347
UM30996,0,26,36.2,37.6,31.2,1,825,285
UM31003,0,26,35.8,41.5,44.5,1,970,430
UM31010,0,25,31,36.9,0,1,711,171
UM31017,0,24,28.8,31.7,48.8,1,776,236
UM31066,0,25,29.9,33.8,37.5,1,850,310
UM31073,0,28,39.5,42.6,45.3,1,740,200
UM31080,0,24,32.6,36.7,40.1,1,1066,526
UM31087,0,28,42.6,44.5,50.6,1,802,262
UM31248,0,24,29,31.5,32.7,1,1094,554
UM31255,0,28,36.2,37.9,41.6,0,638,98
UM31262,0,23,26.5,26.8,28.2,0,638,98
UM31269,0,24,28.9,0,0,1,515,-25
UM31388,0,26,32.1,32.3,39.4,1,1063,523
UM31409,0,30,36.2,0,0,1,529,-11
UM31500,0,25,30,36.1,38.6,1,961,421
UM31507,0,24,33.7,35.6,36.2,1,1112,572
UM31514,0,28,41.4,43.8,40.7,1,919,379
UM31521,0,23,31.8,26.5,28.1,1,1121,581
UM31549,0,23,28.6,30.7,28.4,1,1058,518
UM31556,0,24,31.1,31.2,32.8,1,991,451
UM31563,0,25,33.3,35.2,37.3,1,971,431
UM31570,0,30,37.4,41.5,39.9,1,1068,528
UM31598,0,26,37.2,39.5,42.3,1,1034,494
UM31605,0,24,30.8,32.4,33.3,1,832,292
UM31612,0,26,32.4,29,0,1,671,131
UM31619,0,25,44.1,44.8,47.3,1,902,362
UM31738,0,26,33.2,35.3,32.2,1,820,280
UM31745,0,24,28,30,29.4,1,887,347
UM31752,0,27,40.7,43.2,48.8,1,837,297
UM31759,0,26,38.8,37.9,40.9,1,797,257
UM31864,0,26,40,42.8,41.7,1,821,281
UM31871,0,25,41.6,44,44.8,1,1022,482
UM31878,0,24,32.8,38.1,39.1,1,946,406
UM31885,0,29,47.3,54.4,54.9,1,1165,625
UM32032,0,23,28,29.9,0,1,664,124
UM32039,0,33,44.7,50.4,48.1,1,1081,541
UM32046,0,27,43.6,39.6,36.1,1,1084,544
UM32053,0,28,36.5,39.1,36.4,1,994,454
UM32060,0,19,22.5,22.8,22.4,1,1255,715
UM32067,0,29,38.5,39.3,38.3,1,897,357
UM32074,0,25,34.4,36.7,39.5,1,1095,555
UM32081,0,33,46.9,0,0,1,414,-126
UM32977,0,23,27.2,30.9,29.7,1,1210,670
UM32984,0,29,42,44.7,45.8,1,1182,642
UM32991,0,24,31.9,38.4,34.7,1,1093,553
UM32998,0,27,37.5,38.6,32.9,1,840,300
UM33292,0,25,32.4,38.1,39.7,1,942,402
UM33299,0,30,37.4,43.1,48.5,1,1066,526
UM33306,0,27,33.1,36.3,39.9,1,1084,544
UM33313,0,34,47.8,53.7,0,1,687,147
UM33362,0,28,39,50.8,0,1,713,173
UM33369,0,25,34.4,0,0,0,1158,618
UM33376,0,26,39.3,47.2,56.7,1,913,373
UM33383,0,30,41.2,45.4,47.7,1,1190,650
UM33649,0,26,33.4,38.4,27.8,1,765,225
UM33656,0,28,40.6,48.7,50.7,1,887,347
UM33663,0,26,33.4,38.1,40.5,1,1066,526
UM33670,0,28,33.2,46.4,45.2,1,1138,598
UM33803,0,27,34.2,38.7,39.7,1,1132,592
UM33810,0,30,33.3,39.4,39.2,1,769,229
UM34062,0,29,37.9,0,0,1,486,-54
UM34069,0,28,28.1,26.3,28.7,0,893,353
UM34076,0,28,42.4,44.2,41.3,1,904,364
UM34083,0,26,33.4,37.8,37.2,1,806,266
UM34412,0,28,40.4,44.3,44.9,1,960,420
UM34419,0,25,28.6,35.6,39.5,1,953,413
UM34426,0,25,29.2,32.9,30.7,1,771,231
UM34433,0,25,29.9,31.8,32.2,1,896,356
UM34482,0,27,34.3,40.9,0,1,689,149
UM34489,0,22,26,30.2,23.5,1,743,203
UM34496,0,24,34.7,39.7,39.1,1,841,301
UM34503,0,25,29.1,33.7,32.2,1,821,281
UM34622,0,24,30.4,32.1,36.4,1,1023,483
UM34629,0,23,25.1,27.2,27.2,1,900,360
UM34636,0,23,24.4,24.6,27.8,1,833,293
UM34643,0,22,23.5,23.5,26.5,0,795,255
UM34937,0,24,29.4,30.8,31.9,1,1190,650
UM34944,0,31,34.9,38.1,40.5,1,931,391
UM34951,0,29,42.7,37.7,36.1,1,1068,528
UM34958,0,28,40,42.7,44.1,1,871,331
UM34986,0,31,41.9,38.7,39.6,1,1039,499
UM34993,0,27,31.7,34.7,41.3,1,866,326
UM35000,0,27,34.1,32.5,36.4,1,971,431
UM35007,0,27,29,29.3,33.1,1,870,330
UM35378,0,26,34.6,39.4,35.1,1,873,333
UM35385,0,23,32.6,33.3,38.7,1,801,261
UM35392,0,31,37.6,46.6,0,1,719,179
UM35399,0,27,39.6,40.6,37.7,1,823,283
UM35756,0,22,28.3,31.7,29.5,1,1165,625
UM35763,0,26,27.9,27.5,29.7,1,921,381
UM35770,0,24,29.8,32,29.3,1,1022,482
UM35777,0,24,32.4,38.5,36.4,1,895,355
UM36190,0,25,32,34.1,0,1,597,57
UM36197,0,25,41.4,35.4,41.8,1,997,457
UM36204,0,24,32.8,31.6,34.1,1,888,348
UM36211,0,22,31.1,31.7,0,1,555,15
UM36379,0,24,27.7,32.6,33.3,1,1120,580
UM36386,0,26,43,43.5,41.4,1,884,344
UM36393,0,36,53,52.2,0,1,561,21
UM36400,0,23,31.1,33.1,31.2,1,933,393
UM36631,0,26,34.6,34.3,33.6,1,848,308
UM36638,0,28,38.2,34.8,34.5,1,902,362
UM36645,0,24,38.4,37.5,35.2,1,930,390
UM36652,0,24,39.4,46.7,19.8,1,731,191
UM36708,0,29,46.3,48.5,0,1,722,182
UM36715,0,31,44.5,44.1,48.9,1,1007,467
UM36722,0,23,37.2,39.3,35.5,1,1020,480
UM36729,0,25,38.2,44.1,42.5,1,1021,481
UM36736,0,27,38.7,45.5,49.4,1,1034,494
UM36743,0,26,31.8,33.6,37.5,1,788,248
UM36750,0,28,34.2,36.5,41.3,1,954,414
UM36757,0,27,36.5,35.5,37.5,1,863,323
UM37121,0,27,37.7,32.8,29.8,1,960,420
UM37128,0,27,35.7,38.2,36.7,1,914,374
UM37135,0,24,29,32.7,31.7,1,800,260
UM37142,0,25,36.8,37.5,0,1,638,98
UM37149,0,24,31.7,34.3,33.9,1,996,456
UM37156,0,30,40.2,42,40,1,865,325
UM37163,0,41,50.4,55.6,0,1,623,83
UM37170,0,26,34.3,37.6,39.6,1,996,456
UM37359,0,35,49,56,46.6,1,1179,639
UM37366,0,28,42.4,46.7,0,1,649,109
UM37373,0,31,42.3,39.2,36.4,1,1152,612
UM37380,0,33,40.3,32.7,0,1,667,127
UM37709,0,24,30.8,35.2,0,1,689,149
UM37716,0,24,31,31.9,33.2,1,872,332
UM37723,0,26,32.6,38.2,38.5,1,923,383
UM37730,0,29,43.7,50.9,50.9,1,866,326
UM37758,0,30,42.5,44.4,43.7,1,748,208
UM37765,0,25,39.6,38.4,0,1,672,132
UM37772,0,34,56.8,60.6,60.7,1,1105,565
UM37779,0,23,33.1,37.2,38.6,1,976,436
UM38017,0,28,41.3,25.7,0,1,579,39
UM38024,0,25,36.3,39.3,39.1,1,827,287
UM38031,0,25,39.2,31.6,39.3,1,849,309
UM38038,0,26,35,42.4,41.5,1,906,366
UM38178,0,24,28.6,27.8,31.2,1,956,416
UM38185,0,25,36.2,42,40.8,1,746,206
UM38192,0,37,58.8,62.1,35.2,1,750,210
UM38199,0,30,43.8,40.5,44.3,1,1188,648
UM38353,0,34,42.2,49.4,46.4,1,979,439
UM38360,0,30,38.7,43.2,0,1,689,149
UM38367,0,31,44.2,46,43.4,1,870,330
UM38374,0,30,41.2,46.3,37.8,1,822,282
UM38402,0,29,36.4,40.2,40.3,1,1065,525
UM38409,0,31,45.7,54.1,50.2,1,1130,590
UM38416,0,40,46.6,48,45.4,1,1081,541
UM38423,0,22,30,31.5,0,1,644,104
UM38472,0,43,59.9,57.2,52.8,1,852,312
UM38479,0,30,55,60.2,67,1,988,448
UM38486,0,40,63.5,63.7,76,1,784,244
UM38493,0,50,59.2,66.9,67.3,1,807,267
UM38647,0,32,42.3,48.1,41.2,1,875,335
UM38654,0,24,26,29.8,0,1,633,93
UM38661,0,27,45.7,46,0,1,625,85
UM38668,0,29,43.4,51.2,0,1,693,153
UM38745,0,21,22,22.7,23.9,1,1456,916
UM38752,0,35,38.9,47.4,0,0,565,25
UM38759,0,26,35.9,40.9,0,0,565,25
UM38766,0,31,34.9,40.3,0,0,565,25
UM43498,0,26,29.2,30.4,42.9,1,976,436
UM43512,0,26,28.8,35.4,47.4,1,976,436
UM43519,0,28,30.4,40.8,53.4,1,633,93
UM43624,0,26,29.4,31.5,39.7,1,934,394
UM43631,0,24,26,32.6,42.9,1,1127,587
UM43638,0,25,27.7,32.9,48.7,1,817,277
UM43645,0,29,30.1,32.8,38.8,1,785,245
UM44457,0,28,32.6,32.3,24,1,556,16
UM44464,0,37,40.7,41.5,43,1,675,135
UM44471,0,21,23.4,28.4,33.8,1,1199,659
UM44478,0,23,25,32.1,39.1,1,991,451
UM44527,0,30,33.4,42.5,46.4,1,896,356
UM44534,0,23,25.2,27.6,29.9,1,1165,625
UM44541,0,25,28.8,28.9,32.8,1,686,146
UM44548,0,27,29.4,36.6,44,1,889,349
UM44625,0,28,30.8,37.6,43.1,1,671,131
UM44632,0,28,30.4,33,34.2,1,909,369
UM44639,0,26,27.5,30.7,35.5,1,1045,505
UM44646,0,23,26.9,36.8,37,1,663,123
UM44793,0,21,24.5,30.3,28.7,1,1008,468
UM44800,0,23,25,31.6,38,1,1148,608
UM44807,0,26,29.2,29.8,33.7,1,900,360
UM44814,0,22,25.3,32.4,40.4,1,724,184
UM44821,0,25,26.3,30.1,35.5,1,1035,495
UM44828,0,35,37.1,43.9,37.5,1,717,177
UM44835,0,30,32,36.6,45.8,1,941,401
UM44842,0,27,29.6,32.9,33.9,1,864,324
UM44877,0,29,31.2,39.8,46.3,1,1218,678
UM44884,0,29,30,34.8,37.5,1,701,161
UM44891,0,25,27.8,27.8,29,1,1022,482
UM44898,0,24,24.5,28.6,33.4,1,888,348
UM45101,0,32,35.7,49.8,52.9,1,775,235
UM45108,0,30,32.7,43.1,45.5,1,891,351
UM45115,0,34,35.6,41.4,41.8,1,850,310
UM45122,0,30,32.4,42.1,42.7,1,995,455
UM45171,0,23,26.3,33.9,35.3,1,919,379
UM45178,0,35,37.8,44.9,46.4,1,1106,566
UM45185,0,23,25.8,40.7,48.8,1,744,204
UM45192,0,25,27.4,37.1,37.8,1,673,133
UM45241,0,26,28.9,34.8,32.6,1,680,140
UM45248,0,35,36.7,47.9,47.7,1,752,212
UM45255,0,28,30.9,37,38.5,1,946,406
UM45262,0,25,26.8,30.8,30.9,1,898,358
UM45318,0,20,22.7,24.8,28.9,1,930,390
UM45325,0,30,33.8,38.4,37,1,783,243
UM45332,0,36,37.5,45.3,44.3,1,772,232
UM45339,0,38,40.6,48.2,48.9,1,1009,469
UM45521,0,25,27.2,34,32.4,1,761,221
UM45528,0,20,23.8,29.9,29.9,1,1016,476
UM45535,0,20,23.8,28.9,28.5,1,713,173
UM45542,0,28,30.3,39.5,38.9,1,685,145
UM45598,0,28,30.7,48,52.2,1,751,211
UM45605,0,28,26.9,36.2,34.6,1,658,118
UM45612,0,32,34,39.1,40.6,1,1036,496
UM45619,0,30,32.5,39.8,41.6,1,803,263
UM45808,0,40,42.6,51.6,44.8,1,1035,495
UM45815,0,31,34.8,42.5,40.2,1,850,310
UM45822,0,25,27,33.4,33.7,1,864,324
UM45829,0,30,34.7,45.1,42.6,1,786,246
UM45997,0,30,33,47.1,44.1,1,939,399
UM46004,0,29,30.6,34.5,35.9,1,763,223
UM46011,0,24,25.2,33.7,30.4,1,853,313
UM46018,0,23,26.6,29.1,28.2,1,979,439
UM46893,0,32,34.3,46.9,46.5,1,849,309
UM46900,0,20,23,25.3,24,1,731,191
UM46907,0,27,29,32.2,35.4,1,908,368
UM46914,0,28,32.3,34,31.4,1,942,402
UM46921,0,24,25.9,30.3,30.3,1,724,184
UM46928,0,28,30,39,35.9,1,909,369
UM46935,0,27,29.1,42.1,42.8,1,1097,557
UM46942,0,25,26.2,30.3,33.2,1,697,157
UM47089,0,28,30.3,35.9,38.9,1,1116,576
UM47096,0,27,29.6,36.5,38.5,1,821,281
UM47103,0,23,25.4,38.4,32,1,1071,531
UM47110,0,26,28.4,33.4,32.5,1,826,286
UM47187,0,36,33.2,44,44.8,1,927,387
UM47194,0,27,29.2,40.2,36.8,1,836,296
UM47201,0,33,36,40.9,41.4,1,972,432
UM47208,0,25,27.9,41.5,37.6,1,983,443
UM47257,0,32,34.8,46.3,47,1,955,415
UM47264,0,32,35.3,39.9,0,1,510,-30
UM47271,0,35,37.6,48.6,40.9,1,856,316
UM47278,0,39,41.4,53,49.4,1,744,204
UM47544,0,21,22.8,25.5,27.3,1,1123,583
UM47551,0,23,25.5,29.4,31.3,1,757,217
UM47558,0,27,29,42.4,43.9,1,867,327
UM47565,0,28,30.7,39.2,42,1,867,327
UM47852,0,26,28.7,36.8,35.2,1,915,375
UM47859,0,24,26.3,32.1,32.6,1,954,414
UM47866,0,25,28.2,37.6,37.9,1,805,265
UM47873,0,25,27.8,38.2,38.2,1,870,330
UM47880,0,24,26.5,32.6,33.5,1,773,233
UM47887,0,30,32.8,40.7,37.7,1,1074,534
UM47894,0,20,23.6,30.4,28.3,1,734,194
UM47901,0,30,32.4,39.3,39.3,1,1109,569
UT04305,0,34,55.9,66.6,0,1,680,140
UT04306,0,39,59.1,66.9,0,1,656,116
UT04307,0,32,49.5,53.6,52.6,1,923,383
UT04308,0,29,39.7,42.2,42.5,1,761,221
UT04325,0,39,53.9,56.6,57.1,1,1100,560
UT04326,0,31,48.1,55.6,53.2,1,882,342
UT04327,0,33,45.8,46.2,0,1,628,88
UT04328,0,26,34.6,41.1,38.9,1,807,267
UT04329,0,27,42.8,47.7,31.6,1,1181,641
UT04330,0,30,37.7,36.4,34.2,1,953,413
UT04331,0,35,50.5,54.7,40.8,1,1057,517
UT04332,0,25,41.9,0,0,1,458,-82
UT04343,0,26,36.5,35.7,35.6,1,1064,524
UT04344,0,24,36.3,43.4,35.1,1,738,198
UT04345,0,28,43.4,53.1,53.1,1,824,284
UT04346,0,26,30.8,35.6,36.1,1,896,356
UT04383,0,43,56.9,60.3,51.3,1,930,390
UT04384,0,28,32.1,36.4,37.8,1,748,208
UT04385,0,30,40.3,48.3,44.9,1,1016,476
UT04386,0,32,44.9,49.4,43.1,1,1298,758
UT04390,0,31,37.2,37.8,41.3,1,1116,576
UT04391,0,46,56.5,59.6,57.8,1,970,430
UT04392,0,37,44.4,48.9,49.1,1,873,333
UT04393,0,29,35.9,38.9,40,1,883,343
UT04414,0,24,34,40.5,36.5,1,786,246
UT04415,0,37,59.6,74.5,54.5,1,851,311
UT04416,0,28,39.6,44.1,43.1,1,982,442
UT04417,0,27,39.5,42.8,0,1,694,154
UT04479,0,32,39.4,44.4,41.2,1,1090,550
UT04480,0,29,43.3,52.6,48.4,1,794,254
UT04481,0,41,55.6,65.1,0,1,660,120
UT04482,0,27,39.2,48.5,0,1,649,109
UT04526,0,27,32.5,40,35.7,1,1143,603
UT04527,0,28,37.5,43.2,0,1,625,85
UT04528,0,39,53.3,60.5,52.6,1,1142,602
UT04529,0,31,40.5,48.8,46.5,1,1048,508
UT04539,0,28,37.8,39.8,0,0,630,90
UT04540,0,28,37.5,43.9,0,0,1121,581
UT04541,0,35,46.7,51.1,0,0,1090,550
UT04542,0,29,39.5,47.1,0,0,961,421
UT04597,0,35,43.5,51.8,53.9,1,940,400
UT04598,0,35,46.6,52.2,54.4,1,920,380
UT04599,0,39,55.2,58,60,1,834,294
UT04600,0,33,39,42.7,40.4,1,803,263
UT04601,0,27,39.6,49.6,0,1,730,190
UT04602,0,30,37.1,44.3,38.3,1,917,377
UT04603,0,33,42.8,47.1,34.7,1,836,296
UT04604,0,32,43.7,52.4,0,1,681,141
UT04605,0,34,45.6,54,47.3,1,922,382
UT04606,0,47,60.5,66.4,59.4,1,926,386
UT04607,0,30,41.1,47,44,1,992,452
UT04608,0,29,42.2,47,42.9,1,945,405
UT04619,0,28,37.6,42.1,38.2,1,997,457
UT04620,0,34,47.4,56.7,57.6,1,815,275
UT04621,0,27,39.1,51.8,0,1,646,106
UT04622,0,27,37.4,44.3,38.1,1,1190,650
UT04667,0,26,28.7,31.9,30.8,1,1121,581
UT04668,0,29,34,39.8,38.8,1,978,438
UT04669,0,24,30.5,32.4,32.6,1,1086,546
UT04670,0,27,36,40.6,37.2,1,826,286
UT04686,0,33,49.7,58.4,50.5,1,954,414
UT04687,0,25,35.4,37.4,38.3,1,1052,512
UT04688,0,37,57.5,63.6,54.8,1,1016,476
UT04689,0,26,34.9,39.4,39.9,1,995,455
UT04709,0,32,44.4,43.4,40.2,1,894,354
UT04710,0,36,48.2,46.8,0,1,639,99
UT04711,0,31,38.3,0,0,1,434,-106
UT04712,0,36,46.6,59.9,49.9,1,1026,486
UT04725,0,31,52,60,0,0,595,55
UT04726,0,23,36.2,44.6,0,0,595,55
UT04727,0,27,32.1,0,0,0,508,-32
UT04728,0,26,39.4,45.6,0,0,595,55
UT04735,0,27,42.7,54.3,43.8,1,1117,577
UT04736,0,32,43.6,55.1,41.9,1,833,293
UT04737,0,31,40.1,48.6,48.7,1,785,245
UT04738,0,36,51.1,60.4,58,1,818,278
UT04742,0,29,46.2,51.3,48,1,948,408
UT04743,0,32,46.5,55.5,50.3,1,995,455
UT04744,0,40,52.4,57.3,0,1,666,126
UT04745,0,28,41.7,49.9,43.9,1,1053,513
UT04758,0,38,55.9,49.6,54,1,803,263
UT04759,0,26,38.4,0,0,1,499,-41
UT04760,0,31,44.4,53,48.4,1,1058,518
UT04761,0,30,42.3,50.6,48.9,1,1030,490
UT04772,0,30,39.6,43.5,40.1,1,868,328
UT04773,0,26,47.6,57,51.5,1,915,375
UT04774,0,29,39.1,49.5,33.6,1,742,202
UT04775,0,27,37.2,40.1,0,1,723,183
UT04847,0,31,39.1,42.4,23.5,1,735,195
UT04848,0,31,43.8,53,50.5,1,1046,506
UT04849,0,30,45.8,55.8,53,1,1026,486
UT04850,0,36,48,60.6,57.1,1,880,340
UT04880,0,36,57.9,60.3,57.5,1,1048,508
UT04881,0,35,46.4,49.3,50.9,1,857,317
UT04882,0,34,50.2,54.1,43.6,1,889,349
UT04883,0,37,54.8,63.2,63.7,1,808,268
UT04955,0,35,50.7,51.2,0,1,713,173
UT04956,0,35,49.9,57.1,0,1,668,128
UT04957,0,41,65.8,73.3,0,1,665,125
UT04958,0,38,54.2,57.6,0,1,654,114
UT04965,0,29,44,53.1,34.9,1,754,214
UT04966,0,36,56.3,63,59.4,1,1114,574
UT04967,0,26,37,44.3,42.5,1,844,304
UT04968,0,31,43.4,53.7,51.1,1,1089,549
UT05030,0,21,25.7,26.8,27.1,1,803,263
UT05031,0,24,34.9,37.5,35.7,1,1193,653
UT05032,0,26,29.2,33.6,30.8,1,962,422
UT05033,0,25,26.8,27.6,0,1,717,177
UT05040,0,36,52,57.5,57.3,1,1097,557
UT05041,0,40,53.5,62.5,55.2,1,918,378
UT05042,0,34,41,49,46.9,1,834,294
UT05043,0,40,56.3,66.1,68.9,1,892,352
UT05082,0,49,59.1,66.1,0,1,680,140
UT05083,0,37,48,56.1,56.1,1,1089,549
UT05084,0,24,32.9,37.4,31.2,1,1011,471
UT05085,0,35,39.5,42.2,38.8,1,1047,507
UT05092,0,25,40.8,50.7,49.7,1,780,240
UT05093,0,40,54.3,61,0,1,714,174
UT05094,0,35,48.8,50.9,0,1,780,240
UT05095,0,42,58.4,59.7,62.2,1,941,401
UT05125,0,30,45.3,48.8,44.6,1,758,218
UT05126,0,44,49.2,50.4,46,1,928,388
UT05127,0,30,40.4,42.3,37.7,1,774,234
UT05128,0,37,55.5,56.1,0,1,603,63
UT05132,0,41,51.5,64.2,65.9,1,1142,602
UT05133,0,38,54,63.4,54,1,978,438
UT05134,0,33,42,44.8,0,1,623,83
UT05135,0,34,47.5,58.8,58.7,1,982,442
UT05145,0,35,48.9,51.5,49.9,1,1050,510
UT05146,0,45,63.1,69.3,73,1,1038,498
UT05147,0,27,36.3,41,40.5,1,977,437
UT05148,0,36,46.2,47.7,35.1,1,747,207
UT05149,0,33,47.7,55.5,0,1,710,170
UT05150,0,30,41.2,46.9,0,1,629,89
UT05151,0,26,36.9,41.9,38.1,1,812,272
UT05152,0,34,52.1,63.8,66.4,0,1002,462
UT05156,0,43,49.7,54.6,55,1,995,455
UT05157,0,47,60.7,62.9,52.5,1,1014,474
UT05158,0,24,34.4,37.5,40.6,1,888,348
UT05159,0,33,44.6,53.2,51.2,1,941,401
UT05197,0,31,40.3,43.5,42.2,1,985,445
UT05198,0,30,32.1,31,35.6,1,870,330
UT05199,0,27,31.7,36.6,40.2,1,803,263
UT05200,0,24,24.5,27.2,25.8,1,1301,761
UT05241,0,23,27.9,33.6,31.5,1,776,236
UT05242,0,29,36.9,0,0,1,503,-37
UT05243,0,23,29.5,34.3,32.4,1,851,311
UT05244,0,27,32,32,31.1,1,874,334
UT05251,0,46,56.1,64.1,67.6,1,827,287
UT05252,0,40,47.2,55.6,58.1,1,866,326
UT05253,0,24,34.5,44,35.1,1,757,217
UT05254,0,39,49.9,54.8,44.5,1,917,377
UT05274,0,28,34.5,38.8,38.6,1,931,391
UT05275,0,27,32.7,38.1,39.1,1,833,293
UT05276,0,26,30.4,35.5,0,1,658,118
UT05277,0,24,26.5,30.9,0,1,639,99
UT05281,0,25,36.1,43,38.1,1,787,247
UT05282,0,29,36.1,45.8,0,1,697,157
UT05283,0,34,45.5,59,53,1,822,282
UT05284,0,30,43.9,53.8,49,1,933,393
UT05387,0,28,39.7,45,43.8,1,1234,694
UT05388,0,29,43.5,54.5,50.8,1,862,322
UT05389,0,24,32.8,44.5,48.8,1,832,292
UT05390,0,33,44.9,54,52.6,1,1193,653
UT05408,0,29,33.8,39.5,36,1,827,287
UT05409,0,26,32.9,36.8,38.5,1,952,412
UT05410,0,26,27.9,33.4,32.1,1,956,416
UT05411,0,26,34.8,46,48.7,1,862,322
UT05455,0,27,35.4,32.4,42,1,857,317
UT05456,0,29,29.8,33.9,34.3,1,926,386
UT05457,0,36,47.1,55,0,1,647,107
UT05458,0,28,40.6,44.3,29,1,868,328
UT05492,0,35,43.9,48.4,42.3,1,1005,465
UT05493,0,39,51.6,52.9,56.4,1,1050,510
UT05494,0,33,38.6,38.7,0,1,564,24
UT05495,0,44,53.9,56.2,52.4,1,791,251
UT05513,0,38,49.1,60.4,0,1,729,189
UT05514,0,37,40.9,51.2,0,1,628,88
UT05515,0,37,40.4,45.9,34.5,1,955,415
UT05516,0,28,39.2,0,0,1,518,-22
UT05523,0,26,35.7,44.1,36.4,1,796,256
UT05524,0,25,39.2,48.2,45.8,1,1094,554
UT05525,0,24,34.9,44.2,41.9,1,938,398
UT05526,0,35,46.8,50.7,0,1,680,140
UT06293,0,25,29.4,42.9,42.2,1,1190,650
UT06294,0,22,24.6,26.8,27.1,1,693,153
UT06295,0,32,34.5,0,0,1,357,-183
UT06296,0,24,26.1,26.2,27.1,1,995,455
UT06307,0,34,36.8,53.4,58.6,1,994,454
UT06308,0,39,35.1,44.2,43.8,1,883,343
UT06309,0,27,29.6,41.1,44.5,1,1148,608
UT06310,0,32,34.8,49.2,57.3,1,926,386
UT06311,0,30,32,40.5,44.1,1,895,355
UT06312,0,30,32.2,42,44.4,1,925,385
UT06313,0,45,49.6,58.2,61.8,1,759,219
UT06314,0,39,41.5,53.2,54.6,1,657,117
UT06402,0,31,34.1,40.4,42.5,1,690,150
UT06403,0,30,32.8,42.7,50.3,1,992,452
UT06404,0,40,42.7,54.8,54.4,1,670,130
UT06405,0,32,34.5,42.3,44,1,729,189
UT06406,0,31,33.8,42.5,44,1,901,361
UT06407,0,25,27,35.8,37.9,1,698,158
UT06408,0,36,39.7,49.6,48.4,1,771,231
UT06409,0,29,31.6,45,47,1,701,161
UT06413,0,29,31.4,45.7,43.8,1,905,365
UT06414,0,30,32.2,40.9,42.6,1,960,420
UT06415,0,41,43.7,57.9,67.3,1,814,274
UT06416,0,33,35.3,43.6,51.5,1,987,447
UT06440,0,35,37,54.6,60.8,1,693,153
UT06441,0,40,42.5,51.4,58.5,1,1071,531
UT06442,0,32,36.1,40.9,52.2,1,706,166
UT06443,0,31,33.9,46.2,53.5,1,1097,557
UT06474,0,40,42,50.5,51.4,1,935,395
UT06475,0,34,36.7,51.3,48.8,1,573,33
UT06476,0,26,28.9,41.6,47.6,1,726,186
UT06477,0,35,36.8,50.2,49.3,1,955,415
UT06481,0,29,30.7,40.8,45.4,1,922,382
UT06482,0,30,32.4,44.8,46.8,1,875,335
UT06483,0,30,32.8,38,49.9,1,739,199
UT06484,0,29,31.4,44.1,52.5,1,810,270
UT06525,0,30,32.3,48,47,1,1111,571
UT06526,0,26,28.8,43,0,1,442,-98
UT06527,0,30,31.4,37.8,39,1,913,373
UT06528,0,30,32.2,46.6,51.8,1,850,310
UT06539,0,45,48.7,63.1,74.7,1,1057,517
UT06540,0,26,27.1,32.7,36.7,1,828,288
UT06541,0,32,34.9,45.4,51.7,1,933,393
UT06542,0,29,30,32.7,29.2,1,1005,465
UT06574,0,20,23.6,27.6,38.1,1,825,285
UT06575,0,30,32,41,44.4,1,965,425
UT06576,0,25,27.8,35.1,37.7,1,919,379
UT06577,0,23,24.7,31,41.5,1,937,397
UT06581,0,28,30.9,41.6,47.7,1,976,436
UT06582,0,30,32,48.4,56.1,1,975,435
UT06583,0,23,25.4,33.2,38.2,1,1067,527
UT06584,0,30,33.6,46.5,49.2,1,997,457
UT06628,0,34,37.6,54.1,61.7,1,798,258
UT06629,0,35,36.9,48.5,53,1,756,216
UT06630,0,33,33.6,50.6,53.2,1,832,292
UT06631,0,34,35,53.5,52.1,1,557,17
UT06665,0,23,26.5,41.9,48.1,1,745,205
UT06666,0,39,41.6,51.9,53.1,1,804,264
UT06667,0,35,38.4,53.4,59.1,1,943,403
UT06668,0,25,27,32.3,33,1,741,201
UT06702,0,20,23.5,26.3,29,1,1099,559
UT06703,0,19,21.9,28.4,31.3,1,851,311
UT06704,0,28,30.1,47.3,51.2,1,795,255
UT06705,0,28,29.4,47.7,50.1,1,984,444
UT06721,0,19,32.1,38.7,0,1,390,-150
UT06722,0,46,36.2,57.9,58.2,1,946,406
UT06723,0,32,28.3,39.5,42.7,1,992,452
UT06724,0,40,36.3,47.9,50.5,1,666,126
UT06736,0,25,24.8,32.8,32.2,1,776,236
UT06737,0,21,23.5,26.7,27.1,1,971,431
UT06738,0,32,34.5,41.9,43.5,1,942,402
UT06739,0,22,25.3,41.9,35.4,1,913,373
UT06743,0,23,26.2,32.3,33.7,1,685,145
UT06744,0,21,28.6,40.2,0,1,464,-76
UT06745,0,25,27.3,39.2,39.5,1,803,263
UT06746,0,28,30.7,38.5,37.3,1,1017,477
UT06770,0,23,26.9,39.9,39.2,1,1096,556
UT06771,0,25,28.5,43.3,0,1,453,-87
UT06772,0,22,24.5,32.2,37.9,1,889,349
UT06773,0,20,23.4,34.4,31.3,1,597,57
UT06777,0,37,39.1,58.4,59.4,1,741,201
UT06778,0,35,37.9,50.9,45.4,1,833,293
UT06779,0,22,23.5,33.7,27.4,1,579,39
UT06780,0,49,35.1,57.4,59.2,1,956,416
UT06822,0,29,31.2,43.9,33.2,1,581,41
UT06823,0,38,39.3,50.6,53,1,955,415
UT06824,0,22,24.4,32.4,40,1,1140,600
UT06825,0,22,25.4,37.7,40.8,1,741,201
UT06850,0,36,37.1,52.5,55.4,1,1154,614
UT06851,0,28,30,42.3,45.7,1,899,359
UT06852,0,29,30.8,42.5,44.6,1,934,394
UT06853,0,23,26.1,37.5,41.3,1,944,404
UT06867,0,33,35.6,49.3,50.8,1,1110,570
UT06868,0,35,37.5,49.7,55.7,1,1132,592
UT06869,0,35,27.1,42.6,40.4,1,958,418
UT06870,0,38,30.2,43,46.1,1,868,328
JL06480,1,36,42,42,39,1,1093,553
JL06481,1,34,41,42,43,1,1169,629
JL06482,1,44,49,51,0,1,666,126
JL06507,1,42,45,46,47,1,1207,667
JL06509,1,48,55,56,0,1,727,187
JL06510,1,34,47,46,47,1,1162,622
JL06511,1,47,51,52,0,1,644,104
JL06512,1,36,50,0,0,1,498,-42
JL06519,1,42,47,0,0,1,602,62
JL06520,1,44,48,50,41,1,743,203
JL06521,1,45,49,49,35,1,748,208
JL06525,1,42,45,49,48,1,819,279
JL06526,1,43,47,50,50,1,906,366
JL06527,1,39,42,45,46,1,1051,511
JL06534,1,32,42,44,45,1,1309,769
JL06535,1,46,53,54,44,1,764,224
JL06536,1,46,52,32,27,1,853,313
JL06540,1,35,0,0,0,1,327,-213
JL06541,1,44,54,0,0,1,405,-135
JL06542,1,38,44,61,66,1,782,242
JL06546,1,46,48,47,48,1,872,332
JL06547,1,38,44,45,0,1,592,52
JL06548,1,48,50,41,0,1,610,70
JL06561,1,46,50,50,37,1,819,279
JL06562,1,49,50,43,0,1,686,146
JL06563,1,45,52,0,0,1,470,-70
JL06570,1,51,57,0,0,1,477,-63
JL06571,1,44,47,45,45,1,805,265
JL06572,1,44,49,0,0,1,394,-146
JL06601,1,43,47,47,0,1,729,189
JL06602,1,53,57,0,0,1,483,-57
JL06603,1,45,55,42,0,1,679,139
JL07023,1,27,24,32,31,1,1049,509
JL07024,1,47,56,0,0,1,494,-46
JL07025,1,39,43,42,42,1,853,313
JL07053,1,38,43,44,47,1,1101,561
JL07054,1,39,45,0,0,1,534,-6
JL07055,1,45,50,48,47,1,1008,468
JL07057,1,44,47,46,45,1,886,346
JL07058,1,40,44,42,37,1,792,252
JL07059,1,45,47,47,0,1,645,105
JL07060,1,47,49,48,49,1,954,414
JL07061,1,40,42,41,34,1,792,252
JL07065,1,43,46,0,0,1,464,-76
JL07066,1,45,49,52,0,1,603,63
JL07067,1,42,45,0,0,1,380,-160
JL07071,1,38,40,43,42,1,848,308
JL07072,1,45,47,0,0,1,387,-153
JL07124,1,38,40,39,0,1,665,125
JL07125,1,40,44,42,0,1,554,14
JL07126,1,32,39,38,38,1,749,209
JL07130,1,35,31,36,38,1,1178,638
JL07131,1,35,35,35,34,1,771,231
JL07132,1,41,45,47,46,1,861,321
JL07136,1,40,42,43,46,1,1144,604
JL07137,1,45,50,53,56,1,826,286
JL07138,1,40,44,43,38,1,752,212
JL07166,1,42,48,49,49,1,812,272
JL07167,1,43,47,49,47,1,1084,544
JL07168,1,43,47,51,0,1,616,76
JL07175,1,43,45,46,45,1,995,455
JL07176,1,43,48,43,36,0,995,455
JL07177,1,40,43,48,44,1,1002,462
JL07209,1,44,47,51,51,1,889,349
JL07210,1,43,46,46,44,1,446,-94
JL07211,1,16,55,0,0,1,697,157
JL07218,1,28,45,44,0,1,781,241
JL07219,1,48,49,52,49,1,301,-239
JL07263,1,28,27,31,33,1,711,171
JL07264,1,46,48,0,0,1,543,3
JL07265,1,13,44,0,0,1,377,-163
JL07266,1,13,46,0,0,1,872,332
JL07267,1,43,44,44,46,1,795,255
JL07268,1,46,47,52,46,1,886,346
JL07308,1,25,29,31,29,1,1082,542
JL07309,1,39,44,46,49,1,587,47
JL07310,1,45,48,41,0,1,676,136
JL07311,1,45,51,44,0,1,613,73
JL07312,1,34,45,44,0,1,657,117
JL07313,1,41,45,46,0,1,587,47
JL07364,1,42,47,48,0,1,791,251
JL07365,1,45,48,47,48,1,805,265
JL07366,1,47,56,53,29,1,763,223
JL07370,1,43,45,46,42,1,498,-42
JL07371,1,42,45,0,0,1,972,432
JL07372,1,40,50,51,49,1,874,334
JL07403,1,35,48,47,47,1,616,76
JL07404,1,42,48,50,0,1,842,302
JL07405,1,47,53,48,38,1,731,191
JL07430,1,26,38,46,45,1,1057,517
JL07431,1,42,47,49,50,1,763,223
JL07432,1,33,40,43,47,1,932,392
JL07468,1,39,44,45,36,1,296,-244
JL07469,1,30,36,40,0,1,1085,545
JL07470,1,42,0,0,0,1,995,455
JL07572,1,20,25,28,30,1,875,335
JL07573,1,23,27,30,35,1,959,419
JL07574,1,44,49,49,51,1,644,104
JL07670,1,23,26,29,30,1,607,67
JL07671,1,32,27,30,30,1,557,17
JL07672,1,41,48,47,0,1,1041,501
JL07685,1,42,44,44,0,1,637,97
JL07686,1,46,49,49,30,1,813,273
JL07687,1,47,49,49,0,1,798,258
JL07688,1,45,49,53,55,1,619,79
JL07689,1,51,51,51,47,1,925,385
JL07690,1,40,47,50,0,1,847,307
JL07728,1,24,33,38,42,1,388,-152
JL07729,1,27,35,36,0,1,830,290
JL07730,1,37,42,0,0,1,564,24
JL07731,1,32,41,47,31,1,221,-319
JL07732,1,42,47,26,0,1,620,80
JL07733,1,38,0,0,0,1,648,108
JL07737,1,46,48,51,0,1,319,-221
JL07738,1,43,51,46,0,1,660,120
JL07739,1,51,0,0,0,1,634,94
JL07751,1,37,42,45,49,1,371,-169
JL07752,1,24,27,30,33,1,1127,587
JL07753,1,39,43,0,0,1,602,62
JL07777,1,33,48,56,57,1,1256,716
JL07778,1,30,34,38,44,1,776,236
JL07779,1,33,31,33,32,1,438,-102
JL07786,1,44,47,50,47,1,718,178
JL07787,1,35,38,0,0,1,397,-143
JL07788,1,28,44,46,0,1,1258,718
JL07795,1,15,51,0,0,1,1043,503
JL07796,1,43,44,49,47,1,1076,536
JL07797,1,41,44,40,45,1,773,233
JL07822,1,42,43,45,44,1,937,397
JL07823,1,40,43,41,41,1,812,272
JL07824,1,40,45,44,45,1,435,-105
UM29841,1,34,0,0,0,0,355,-185
UM29848,1,29,0,0,0,0,355,-185
UM29855,1,38,0,0,0,0,355,-185
UM29925,1,34,41.3,45.9,0,1,689,149
UM29932,1,37,44.8,44.8,44.8,1,868,328
UM29939,1,32,37.7,34.6,30.5,1,831,291
UM30303,1,38,47.3,48.1,0,1,673,133
UM30310,1,27,31.6,33.9,33.2,1,1062,522
UM30317,1,34,40.2,34.5,31.9,1,976,436
UM30443,1,31,42.1,42.4,45.9,1,883,343
UM30450,1,31,44.2,41.5,43.6,1,840,300
UM30457,1,35,42.2,39.1,28.9,1,733,193
UM30555,1,35,41.6,44.7,44,1,1026,486
UM30562,1,32,42.8,0,0,1,547,7
UM30569,1,32,37,38.7,35.7,1,1094,554
UM30625,1,35,43.9,44.5,45.9,1,929,389
UM30632,1,32,38.8,37.8,37.9,1,737,197
UM30639,1,39,48.8,49,46.7,1,956,416
UM30716,1,31,37.8,34.2,30.6,1,890,350
UM30723,1,32,38,40.9,38.2,1,784,244
UM30730,1,34,38.9,40.9,43.2,1,880,340
UM30814,1,33,39.6,44,42.7,1,1087,547
UM30821,1,37,46.3,49.1,43.9,1,1239,699
UM30828,1,44,50,53.2,0,1,646,106
UM31122,1,30,40.8,43.6,44.9,1,1265,725
UM31129,1,26,30.5,35,36.5,1,991,451
UM31136,1,28,34.3,39,42.2,1,1104,564
UM31185,1,35,43.1,45.8,49,1,1053,513
UM31192,1,36,44.8,42.5,42,0,640,100
UM31199,1,35,42.4,42.3,36.8,0,641,101
UM31227,1,31,37.8,43,33.8,1,1016,476
UM31234,1,32,38.5,37.9,42,1,861,321
UM31241,1,37,46.8,44.1,46.3,1,874,334
UM31346,1,44,0,0,0,0,242,-298
UM31353,1,32,0,0,0,0,242,-298
UM31360,1,30,0,0,0,0,242,-298
UM31437,1,31,41.2,45.5,35.4,1,975,435
UM31444,1,34,47.3,49,47.5,1,1010,470
UM31451,1,47,56.4,52.7,0,1,672,132
UM31458,1,33,41.3,43.5,39.9,1,950,410
UM31465,1,38,48.8,49.8,44.4,1,1070,530
UM31472,1,37,45.2,0,0,1,422,-118
UM31647,1,30,44.4,44,43.2,1,1182,642
UM31654,1,33,48.1,0,0,1,474,-66
UM31661,1,33,41.5,42.4,43.6,1,815,275
UM31696,1,37,47.5,44.8,43.2,1,1203,663
UM31703,1,37,48.3,50.6,45.9,1,876,336
UM31710,1,38,49.4,52,52.8,1,959,419
UM31717,1,29,37,35.5,0,1,655,115
UM31724,1,35,41.1,40,35,1,873,333
UM31731,1,36,43.7,42.5,41.2,1,1087,547
UM32011,1,31,35.5,39,40.7,1,1044,504
UM32018,1,32,41,40.5,0,1,612,72
UM32025,1,32,42.4,45.2,45.9,1,1041,501
UM32116,1,32,33.6,34.9,33.4,1,937,397
UM32123,1,37,40.9,45.6,39.8,1,903,363
UM32130,1,35,35.8,41.2,41.5,1,819,279
UM32137,1,38,45.9,47.8,46.4,1,803,263
UM32144,1,36,42.9,44.1,42.6,1,927,387
UM32151,1,32,42,43.9,46.9,1,1047,507
UM32256,1,38,44.9,0,0,0,535,-5
UM32263,1,35,45.6,0,0,0,535,-5
UM32270,1,39,48,0,0,0,536,-4
UM32410,1,30,40.8,0,0,1,506,-34
UM32417,1,30,46.1,48.5,0,1,715,175
UM32424,1,35,48.7,51,54.3,1,925,385
UM32704,1,35,45.9,47.8,45.8,1,1294,754
UM32711,1,37,46.8,51.9,51.5,1,1057,517
UM32718,1,37,45.3,42.1,0,1,647,107
UM32725,1,30,32,34.4,36.5,1,1066,526
UM32732,1,30,36.6,40.4,39.2,1,908,368
UM32739,1,31,35.4,38.2,41.4,1,768,228
UM32795,1,32,40.7,36.5,34.8,1,1146,606
UM32802,1,28,31.9,34.4,36.3,1,837,297
UM32809,1,39,45.4,45.7,0,1,724,184
UM32816,1,34,42.2,46.3,46.5,1,1146,606
UM32823,1,29,33.2,38.1,37.4,1,1176,636
UM32830,1,30,36.3,40.1,0,1,609,69
UM33005,1,33,47.1,43,35,1,809,269
UM33012,1,34,43.8,45.7,44.3,1,1125,585
UM33019,1,32,41,47,45,1,835,295
UM33208,1,32,42.6,45.3,47.5,1,1168,628
UM33215,1,35,43.1,45.4,41.6,1,1065,525
UM33222,1,42,47.9,49,51.4,1,993,453
UM33271,1,32,31.7,32.7,30.8,1,1026,486
UM33278,1,31,32.5,34.5,33.8,1,1041,501
UM33285,1,30,0,0,0,1,326,-214
UM33390,1,32,38.1,42.9,0,1,681,141
UM33397,1,35,42.8,43.3,0,1,626,86
UM33404,1,30,47.8,54.9,0,1,697,157
UM33509,1,31,33,36.1,0,1,1033,493
UM33516,1,33,38.8,42.1,41.8,1,904,364
UM33523,1,32,38.1,41.5,39.3,1,967,427
UM33628,1,34,38.2,48.4,47.2,1,1083,543
UM33635,1,33,38.2,43.4,45.3,1,880,340
UM33642,1,34,34.3,37.4,38.7,1,880,340
UM33719,1,32,36.3,36.6,38.1,1,1029,489
UM33726,1,37,40.3,45,43,1,962,422
UM33733,1,38,44.7,46.3,47.8,1,1053,513
UM33915,1,35,45,48.1,39.5,1,927,387
UM33922,1,32,36.1,40.1,35.5,1,847,307
UM33929,1,38,47,47.2,0,1,587,47
UM34258,1,39,47.7,43.7,0,1,659,119
UM34265,1,38,45.6,0,0,1,458,-82
UM34272,1,33,37.2,35.5,30.7,1,810,270
UM34461,1,31,39.2,41,40.5,1,850,310
UM34468,1,35,39.9,45.7,46.9,1,938,398
UM34475,1,41,44.5,39.6,33,1,853,313
UM34510,1,29,0,0,0,0,233,-307
UM34517,1,30,0,0,0,0,233,-307
UM34524,1,26,0,0,0,0,233,-307
UM34650,1,39,47.9,0,0,1,446,-94
UM34657,1,27,32.4,33.4,33.6,1,1228,688
UM34664,1,36,34.8,38.6,41.7,1,938,398
UM34839,1,31,35.2,37.6,36,1,1117,577
UM34846,1,42,45.5,0,0,1,471,-69
UM34853,1,28,36,36.6,33.7,1,930,390
UM35014,1,34,44.3,41.8,0,0,584,44
UM35021,1,38,43.6,41.3,0,0,584,44
UM35028,1,41,48.5,0,0,1,551,11
UM35133,1,29,33.8,33.7,38.2,1,1034,494
UM35140,1,30,37,34.1,33.7,1,1103,563
UM35147,1,29,43,43.3,42.3,1,1198,658
UM35196,1,30,0,0,0,0,355,-185
UM35203,1,29,0,0,0,0,355,-185
UM35210,1,34,0,0,0,0,355,-185
UM35357,1,34,39.2,40.4,38.3,1,1177,637
UM35364,1,37,45.3,43.1,43.5,1,898,358
UM35371,1,33,45.1,46.5,45.8,1,1127,587
UM35476,1,32,36,37.7,41,1,1006,466
UM35483,1,32,35.9,33.4,36.1,1,948,408
UM35490,1,32,36.6,35.9,36.2,1,1121,581
UM35546,1,37,44.7,42.5,41.3,1,936,396
UM35553,1,42,49.5,42.8,0,1,554,14
UM35616,1,38,47.2,45.5,42.1,1,807,267
UM35623,1,42,49.5,49.8,34.2,1,829,289
UM35630,1,36,46.1,48.2,46.1,1,823,283
UM35805,1,36,42.5,47.5,45.5,1,1182,642
UM35812,1,43,51.7,53.2,50.7,1,868,328
UM35819,1,41,52.1,54.8,55.6,1,907,367
UM35854,1,29,39.7,43.2,37.5,1,810,270
UM35861,1,26,34.7,34.7,33.3,1,1199,659
UM35868,1,33,48.1,49.1,46,1,946,406
UM36022,1,33,44.8,47.6,47.5,1,921,381
UM36029,1,33,39.3,42.5,42,1,917,377
UM36036,1,29,34.9,35.8,28,1,936,396
UM36092,1,27,30.2,34.5,30.2,1,1024,484
UM36099,1,32,30.8,29.2,21.9,1,750,210
UM36106,1,32,43,40,34.4,1,921,381
UM36519,1,38,46.9,47.1,48.8,1,1180,640
UM36526,1,29,41.3,43.3,41.2,1,804,264
UM36533,1,41,49.3,50,52.7,1,1054,514
UM36540,1,31,42.4,42.8,38.7,1,997,457
UM36547,1,36,43,43.3,41.1,1,1033,493
UM36554,1,33,39.8,41,39.8,1,754,214
UM36610,1,31,38.2,34,35.8,1,897,357
UM36617,1,35,36.3,30.6,26.2,1,845,305
UM36659,1,45,58.2,48.6,0,1,712,172
UM36666,1,33,0,0,0,1,183,-357
UM36673,1,33,42.4,39.5,35.8,1,896,356
UM36827,1,34,33.6,36.9,34.1,1,1066,526
UM36841,1,33,43.1,43.7,0,1,712,172
UM37072,1,43,49.2,50.6,31.6,1,747,207
UM37079,1,34,41.6,39.7,36.5,1,1156,616
UM37086,1,34,45.5,0,0,1,537,-3
UM37247,1,31,39.4,35.7,36.2,1,1251,711
UM37254,1,34,39.2,38.8,30.9,1,888,348
UM37261,1,38,33.9,38.9,0,1,615,75
UM37289,1,31,39.3,43.7,0,1,708,168
UM37296,1,34,42.3,42.1,31.1,1,891,351
UM37303,1,37,45.8,45,36.4,1,869,329
UM37646,1,35,41.3,40.9,22.1,1,741,201
UM37653,1,41,47.1,0,0,1,516,-24
UM37660,1,39,49.1,49.9,46,1,798,258
UM37919,1,31,32.4,34.9,32.3,1,804,264
UM37926,1,27,31.5,31,30.1,1,989,449
UM37933,1,28,38,41.6,0,1,628,88
UM37940,1,38,43.9,44.5,0,1,714,174
UM37947,1,39,34.5,0,0,1,376,-164
UM37954,1,32,39.7,38.8,33.7,1,983,443
UM38066,1,35,39.8,42,40.4,1,1043,503
UM38073,1,37,38.6,32.9,24,1,743,203
UM38080,1,43,0,0,0,1,326,-214
UM38108,1,45,49,0,0,1,528,-12
UM38115,1,30,35.2,37.6,35.3,1,880,340
UM38122,1,31,36.5,33.7,0,1,671,131
UM38157,1,38,45.2,37.1,0,1,677,137
UM38164,1,35,43.8,47.1,34.2,1,788,248
UM38171,1,42,46.9,50.1,37,1,760,220
UM38276,1,45,52,49.9,0,1,728,188
UM38283,1,38,43.4,39.3,0,1,552,12
UM38290,1,32,41.2,43.1,39.8,1,954,414
UM38451,1,37,44.5,42.8,41.9,1,1116,576
UM38458,1,30,33.1,31.2,30.9,1,909,369
UM38465,1,37,46.1,42.8,31.8,1,838,298
UM38500,1,35,43.8,45.1,43.8,1,1048,508
UM38507,1,42,47.4,52.5,50.6,1,934,394
UM38514,1,36,44.9,41.1,0,1,688,148
UM38570,1,40,46.4,0,0,1,457,-83
UM38577,1,45,0,0,0,1,281,-259
UM38584,1,37,45.3,0,0,1,410,-130
UM43456,1,30,33.5,37.5,44.2,1,1154,614
UM43463,1,36,38,43.7,53.8,1,1158,618
UM43470,1,36,38.9,44.9,50.4,1,797,257
UM43680,1,40,43.8,48.2,50.3,1,1119,579
UM43687,1,45,48,0,0,1,344,-196
UM43694,1,28,29.7,34.4,39,1,700,160
UM43778,1,39,42.2,43.1,41.7,1,868,328
UM43785,1,33,35.2,35.3,42.2,1,1268,728
UM43792,1,42,44.4,46.8,48.3,1,1089,549
UM44142,1,39,42.4,40.4,31.7,1,799,259
UM44149,1,33,36,36,42.4,1,940,400
UM44156,1,35,37.9,31.2,33.2,1,641,101
UM44268,1,42,42.7,46.7,51.5,1,893,353
UM44275,1,44,45.9,50.3,54.5,1,925,385
UM44282,1,35,37.6,36,38.5,1,795,255
UM44674,1,43,45.9,48.7,48.7,1,721,181
UM44681,1,33,36.4,36.7,40.5,1,824,284
UM44688,1,43,42.1,42.4,42.7,1,1026,486
UM44723,1,41,42.7,44.9,50.5,0,877,337
UM44730,1,39,42.6,44.2,45.6,1,1109,569
UM44737,1,40,43.7,47.2,44.9,1,643,103
UM44954,1,35,37.5,41.7,40.8,1,827,287
UM44961,1,25,29.5,30.6,31.1,1,1183,643
UM44968,1,36,38.3,43,42.2,1,912,372
UM44975,1,30,34.1,35.3,0,0,391,-149
UM44982,1,30,33.9,31.7,0,0,391,-149
UM44989,1,27,29.4,29.7,0,0,391,-149
UM45129,1,38,42.6,45.4,0,1,511,-29
UM45136,1,38,40,44.3,44.4,1,981,441
UM45143,1,39,40.5,44.8,45.7,1,1049,509
UM45150,1,29,32.3,32,0,0,498,-42
UM45157,1,30,34.2,35.1,0,0,498,-42
UM45164,1,30,31.4,31.2,0,0,498,-42
UM45199,1,29,31,36,37.7,1,1144,604
UM45206,1,28,31.7,33.7,41.2,1,831,291
UM45213,1,24,36,36.3,0,1,365,-175
UM45388,1,35,38.2,0,0,0,327,-213
UM45395,1,43,45,0,0,0,327,-213
UM45402,1,35,39.9,0,0,0,327,-213
UM45409,1,32,34.2,34.4,34.9,1,641,101
UM45416,1,40,43.4,43.9,47.9,1,1049,509
UM45423,1,35,37.6,32.8,38.2,1,832,292
UM45745,1,45,48,52.5,0,1,427,-113
UM45752,1,41,43.6,47.4,46.1,1,632,92
UM45759,1,39,41,45.3,44.2,1,885,345
UM45927,1,30,32.3,0,0,0,340,-200
UM45934,1,39,41.5,0,0,0,340,-200
UM45941,1,25,27.4,0,0,0,340,-200
UM46046,1,40,43.2,47.6,0,0,497,-43
UM46053,1,40,42.3,41,0,0,497,-43
UM46060,1,33,34.7,34.6,0,0,497,-43
UM46067,1,35,38.5,41,32.7,1,660,120
UM46074,1,40,42.1,48.1,46.2,1,935,395
UM46081,1,40,43.9,43.9,36.4,1,767,227
UM46116,1,43,45.6,44.8,44.4,1,1258,718
UM46123,1,42,44.5,50.3,46.6,1,864,324
UM46130,1,40,43.1,45.5,44.5,1,896,356
UM46312,1,34,37.6,40.8,39.7,1,921,381
UM46319,1,42,44.2,49.4,50.5,1,690,150
UM46326,1,42,46.9,53.7,51.7,1,876,336
UM46333,1,42,45.5,48.6,47.3,1,935,395
UM46340,1,30,33.5,36.5,34.6,1,942,402
UM46347,1,38,40.4,44.9,43.3,1,1166,626
UM46354,1,42,45.7,0,0,1,292,-248
UM46361,1,34,38.9,40.5,36.6,1,1088,548
UM46368,1,40,45.5,48.9,0,1,402,-138
UM46529,1,31,33,36.2,37.8,1,962,422
UM46536,1,35,39.2,40.1,35.2,1,983,443
UM46543,1,32,36,39.4,34.4,1,1202,662
UM46592,1,46,48.7,55.1,54,1,813,273
UM46599,1,36,38.7,41.9,42.6,1,869,329
UM46606,1,39,40,45.4,46.3,1,790,250
UM46641,1,36,39,37.5,40,1,1101,561
UM46648,1,34,36.7,40.8,39.1,1,925,385
UM46851,1,30,31,39.1,35.8,1,1049,509
UM46858,1,34,36.9,40.1,41.2,1,1230,690
UM46865,1,35,37.4,0,0,1,313,-227
UM46949,1,35,38.3,43.4,38.6,0,568,28
UM46956,1,38,41.7,47.2,41.1,0,568,28
UM46963,1,44,46.9,49.9,49.4,0,568,28
UM46998,1,38,40.7,44.7,43.7,1,1068,528
UM47005,1,40,42.9,46.6,44.1,1,743,203
UM47012,1,37,39.8,40.9,39.1,1,897,357
UM47117,1,35,37.6,0,0,0,212,-328
UM47124,1,37,39,0,0,0,212,-328
UM47131,1,29,30.4,0,0,0,212,-328
UM47236,1,30,32.7,33.5,32.4,1,688,148
UM47243,1,29,30.8,40.3,39.5,1,1137,597
UM47250,1,31,33.2,38.4,37.2,1,1079,539
UM47334,1,39,41.8,44.4,41.3,1,653,113
UM47341,1,38,40.6,43.7,36.7,1,1106,566
UM47348,1,29,30.6,35.4,32.8,1,1046,506
UM47460,1,30,31.9,33.5,32.3,1,1234,694
UM47467,1,32,33.3,34.1,33.7,1,958,418
UM47523,1,30,31,31.9,33.2,0,555,15
UM47530,1,35,39.5,37.1,35.7,0,555,15
UM47537,1,32,36.7,35.7,36.2,0,555,15
UM47698,1,29,31.9,32.8,33.5,0,555,15
UM47705,1,35,39.4,47.3,48.8,0,555,15
UM47712,1,27,31.9,33,33.6,0,555,15
UM48048,1,30,32.6,38.9,41.9,1,1009,469
UM48055,1,31,34.4,48.4,50.2,1,573,33
UM48062,1,30,34.5,40.5,41.5,1,1125,585
UT04289,1,41,46.2,48.4,34.2,1,734,194
UT04290,1,41,45.1,46.9,39.7,1,854,314
UT04291,1,48,0,0,0,1,384,-156
UT04292,1,33,47.5,46.4,0,1,721,181
UT04293,1,44,53.6,52.9,0,1,585,45
UT04294,1,41,48,47.4,46.6,1,1125,585
UT04319,1,47,0,0,0,1,224,-316
UT04320,1,44,51.7,53.5,0,1,600,60
UT04321,1,43,52.2,54.9,43,1,732,192
UT04337,1,50,55.1,56.1,39.3,1,446,-94
UT04338,1,42,46.7,46.9,47.1,1,905,365
UT04339,1,41,48.4,50.6,40.2,1,774,234
UT04340,1,35,45.9,47.7,44,1,842,302
UT04341,1,32,44,44.4,40.5,1,794,254
UT04342,1,29,40.2,37.8,27.4,1,739,199
UT04347,1,36,0,0,0,1,326,-214
UT04348,1,45,52.1,52.7,47.8,1,796,256
UT04349,1,44,0,0,0,1,318,-222
UT04373,1,36,41.1,39.1,37.8,1,819,279
UT04374,1,38,45.1,0,0,1,488,-52
UT04375,1,44,0,0,0,1,389,-151
UT04376,1,48,0,0,0,1,271,-269
UT04377,1,44,45.8,46.9,47.8,1,1024,484
UT04378,1,45,0,0,0,1,331,-209
UT04411,1,38,45.1,0,0,1,396,-144
UT04412,1,38,49.5,49.7,32.1,1,952,412
UT04413,1,45,52.1,47.7,47.5,1,896,356
UT04418,1,39,42.7,0,0,1,440,-100
UT04419,1,48,53.1,50.6,0,1,635,95
UT04420,1,44,49.8,49.2,50.7,1,984,444
UT04441,1,52,55.1,56.8,42,1,821,281
UT04442,1,41,46.6,47.9,44.1,1,1090,550
UT04443,1,38,43.2,44.1,44.8,1,1155,615
UT04444,1,30,40,37.4,0,1,613,73
UT04445,1,36,50.9,39.2,41.2,1,1090,550
UT04446,1,27,32.6,31.6,33.3,1,1100,560
UT04467,1,39,44.5,46.8,0,1,554,14
UT04468,1,45,49.5,53.1,0,1,585,45
UT04469,1,42,45.9,48.9,0,1,718,178
UT04500,1,46,57.6,0,0,1,375,-165
UT04501,1,38,45.2,46,0,0,961,421
UT04502,1,31,36.6,37.3,0,0,901,361
UT04533,1,38,51.1,51.6,46.9,1,798,258
UT04534,1,50,58.9,0,0,1,432,-108
UT04535,1,38,45.4,45,30.9,1,1071,531
UT04543,1,36,44.1,44.2,33.4,1,887,347
UT04544,1,45,52.4,56.3,0,1,622,82
UT04545,1,40,47.6,46.1,34.2,1,894,354
UT04567,1,39,46,0,0,1,540,0
UT04568,1,42,48.1,0,0,1,472,-68
UT04569,1,42,46.1,47.2,46.6,1,1013,473
UT04632,1,43,49.1,0,0,1,541,1
UT04633,1,44,47.9,50.3,47.2,1,783,243
UT04634,1,35,43.6,40.4,34.7,1,974,434
UT04638,1,45,47.5,46,49,1,1113,573
UT04639,1,45,49.1,52.3,53.9,1,1134,594
UT04640,1,44,0,0,0,1,345,-195
UT04641,1,46,51.9,49.1,0,1,705,165
UT04642,1,47,53.1,55.1,0,1,656,116
UT04643,1,37,49.9,50.9,36.7,1,809,269
UT04644,1,37,45.2,39.7,0,1,609,69
UT04645,1,50,61.3,0,0,1,482,-58
UT04646,1,56,67.5,64.5,51.1,1,759,219
UT04651,1,44,48.8,0,0,1,465,-75
UT04652,1,49,39.8,40.7,39.4,1,1041,501
UT04653,1,41,40,43.4,0,1,556,16
UT04694,1,42,52.8,54.4,53.4,1,924,384
UT04695,1,35,42.4,46.2,45.7,1,823,283
UT04696,1,46,51.6,0,0,1,428,-112
UT04697,1,34,40.8,35.8,0,1,573,33
UT04698,1,40,52.7,0,0,1,395,-145
UT04699,1,33,44,46,0,1,687,147
UT04716,1,48,51.2,0,0,1,371,-169
UT04717,1,44,48.6,50.1,38.1,1,751,211
UT04718,1,45,53.2,56.6,52.1,1,807,267
UT04749,1,46,50.7,52.8,0,1,662,122
UT04750,1,43,49.7,49.7,43.9,1,735,195
UT04751,1,37,46.6,49,0,1,659,119
UT04752,1,41,45.7,48.9,47.8,1,863,323
UT04753,1,28,34.9,38.3,39.2,1,912,372
UT04754,1,46,52.6,53.1,0,1,649,109
UT04755,1,39,46.5,47.9,46.7,1,808,268
UT04756,1,32,43.5,44.9,45.1,1,919,379
UT04757,1,41,47.6,49,47.4,1,1054,514
UT04769,1,45,56,56.3,0,1,628,88
UT04770,1,44,49.9,0,0,1,459,-81
UT04771,1,46,0,0,0,1,308,-232
UT04783,1,39,42.2,44.3,44,1,953,413
UT04784,1,43,46.4,47.3,0,1,694,154
UT04785,1,45,50.3,53,48.8,1,1006,466
UT04802,1,39,35.3,35.6,0,0,587,47
UT04803,1,43,43.3,40.7,0,0,587,47
UT04804,1,46,48.5,0,0,1,527,-13
UT04838,1,39,45.5,47.5,45.9,1,856,316
UT04839,1,45,49.5,0,0,1,539,-1
UT04840,1,44,47.4,46.8,42.1,1,737,197
UT04844,1,40,45.8,46.4,45.6,1,820,280
UT04845,1,31,39.7,42.3,41.1,1,889,349
UT04846,1,42,50.1,0,0,1,517,-23
UT04936,1,45,49,49,0,1,664,124
UT04937,1,48,54.7,54.1,0,1,595,55
UT04938,1,42,54.1,50.7,0,1,693,153
UT04942,1,45,50.9,51.4,44.5,1,790,250
UT04943,1,36,48.8,51.8,54.6,1,1031,491
UT04944,1,43,46.8,48.3,38.7,1,816,276
UT04949,1,42,48.6,48.6,46.3,1,1011,471
UT04950,1,44,50.7,52.3,46.9,1,881,341
UT04951,1,44,51.2,54.5,58.9,1,895,355
UT04983,1,45,55,48.4,0,1,616,76
UT04984,1,47,53.3,51.7,0,1,712,172
UT04985,1,45,50,51.4,0,1,581,41
UT05001,1,42,48.3,48.5,40.5,1,917,377
UT05002,1,32,41.3,41.9,37.4,1,973,433
UT05003,1,43,47.7,48.4,47.9,1,887,347
UT05018,1,32,38.9,41,40,1,1081,541
UT05019,1,46,53.8,43.3,0,1,673,133
UT05020,1,35,43.6,43.9,45.1,1,1186,646
UT05027,1,45,52.7,49.3,28.5,1,803,263
UT05028,1,33,43,44.9,33.3,1,791,251
UT05029,1,35,42.6,42,0,1,690,150
UT05034,1,48,54.5,56.4,53.1,1,1077,537
UT05035,1,42,52,0,0,1,412,-128
UT05036,1,42,45.3,44.9,41.5,1,765,225
UT05037,1,43,47.3,0,0,1,388,-152
UT05038,1,41,47.6,37,0,1,675,135
UT05039,1,49,50.6,51.5,0,1,569,29
UT05062,1,43,47.3,48.3,46.2,1,857,317
UT05063,1,47,53.7,37.3,0,1,605,65
UT05064,1,41,49.2,0,0,1,463,-77
UT05071,1,45,49.2,46.1,0,1,585,45
UT05072,1,43,0,0,0,1,266,-274
UT05073,1,43,52.5,51.6,41.4,1,789,249
UT05086,1,48,51.6,52.9,32.6,1,746,206
UT05087,1,49,0,0,0,1,325,-215
UT05088,1,53,61.7,55,0,1,629,89
UT05106,1,41,0,0,0,1,335,-205
UT05107,1,41,45,48,43,1,880,340
UT05108,1,42,0,0,0,1,354,-186
UT05109,1,39,37.4,35.7,30.1,1,1014,474
UT05110,1,39,43.7,0,0,1,395,-145
UT05111,1,32,33.8,39.3,31.4,1,879,339
UT05122,1,45,49.3,0,0,1,372,-168
UT05123,1,46,50.4,0,0,1,385,-155
UT05124,1,49,58.9,0,0,1,382,-158
UT05136,1,33,35.7,37.5,35.8,1,928,388
UT05137,1,36,43.9,44.8,42,1,1026,486
UT05138,1,33,39.6,42.2,42.1,1,868,328
UT05170,1,52,59.7,0,0,1,448,-92
UT05171,1,46,48.9,48.8,0,1,630,90
UT05172,1,46,0,0,0,1,214,-326
UT05201,1,40,52.9,0,0,1,421,-119
UT05202,1,35,39.8,42.8,36.7,1,831,291
UT05203,1,42,46.7,46.7,0,1,639,99
UT05229,1,45,48.8,53,51.9,1,972,432
UT05230,1,41,0,0,0,1,299,-241
UT05231,1,44,50.2,0,0,1,492,-48
UT05255,1,46,53.5,54.4,0,1,646,106
UT05256,1,44,49.4,54.6,26.2,1,738,198
UT05257,1,42,45.1,0,0,1,463,-77
UT05271,1,44,52.3,51.6,0,1,550,10
UT05272,1,35,39,43.3,40.4,1,1057,517
UT05273,1,43,46.6,49.5,46.9,1,821,281
UT05278,1,41,47.8,49.7,51.3,1,1013,473
UT05279,1,36,40.8,43.4,29,1,802,262
UT05280,1,42,46.2,46.2,42,1,1063,523
UT05321,1,46,0,0,0,1,334,-206
UT05322,1,47,51.7,52.3,0,1,653,113
UT05323,1,46,51.8,39.3,0,1,603,63
UT05340,1,43,32,31.4,29.9,1,750,210
UT05341,1,43,48.1,43.6,37.9,1,761,221
UT05342,1,43,48,49.1,0,1,674,134
UT05367,1,41,45,47.9,45.3,1,810,270
UT05368,1,47,47.9,48,47.4,1,1129,589
UT05369,1,54,60.3,59.8,0,1,622,82
UT05384,1,34,41.3,43.8,44.8,1,918,378
UT05385,1,35,40,42.5,40.1,1,737,197
UT05386,1,44,46.8,0,0,1,530,-10
UT05405,1,34,41.6,35.1,38.3,1,785,245
UT05406,1,34,37.8,23.8,27.7,1,820,280
UT05407,1,41,43.7,38.3,42.2,1,851,311
UT05412,1,41,37.4,0,0,1,495,-45
UT05413,1,49,53.7,47,0,1,604,64
UT05414,1,40,45.3,0,0,1,404,-136
UT05452,1,50,56.5,0,0,1,542,2
UT05453,1,45,52.3,0,0,1,371,-169
UT05454,1,38,45.2,45.6,43.4,1,969,429
UT05472,1,43,47.4,50.9,0,1,715,175
UT05473,1,43,49.9,55,44.7,1,828,288
UT05474,1,46,0,0,0,1,348,-192
UT05534,1,42,47.1,47.4,42.9,1,840,300
UT05535,1,52,51.5,53.3,0,1,577,37
UT05536,1,44,50.3,52.8,0,1,715,175
UT05540,1,37,39.9,44.1,39.4,1,904,364
UT05541,1,49,52.5,50.6,0,1,716,176
UT05542,1,46,48.1,49.4,44.2,1,826,286
UT05543,1,45,52,0,0,1,447,-93
UT05544,1,43,50.6,50.9,0,1,587,47
UT05545,1,42,47.9,49.5,40.5,1,753,213
UT06223,1,40,43.3,49.7,49.8,1,1160,620
UT06224,1,48,50.5,54.9,52.1,1,714,174
UT06225,1,43,45.4,50.1,49.8,1,870,330
UT06240,1,48,49.8,53.2,53.2,1,623,83
UT06241,1,45,48.5,56.6,49.1,1,551,11
UT06242,1,43,44.9,0,0,1,363,-177
UT06263,1,40,43.5,49.3,48.4,1,968,428
UT06264,1,40,43.8,0,0,1,300,-240
UT06265,1,35,36,44.5,44.9,1,891,351
UT06290,1,41,42.8,42.9,43.1,1,692,152
UT06291,1,40,41.3,47.1,45.5,1,869,329
UT06292,1,41,42.6,46.2,43.2,1,919,379
UT06304,1,42,44,47.5,0,1,421,-119
UT06305,1,40,41.2,47.3,50.6,1,938,398
UT06306,1,35,37.6,46.1,48.1,1,976,436
UT06319,1,40,43.7,48.2,51.4,1,623,83
UT06320,1,40,43.2,48.9,0,1,512,-28
UT06321,1,33,37.9,41.3,0,1,484,-56
UT06332,1,39,40.8,45.9,36.6,1,642,102
UT06333,1,38,40.2,46.6,48.9,1,711,171
UT06334,1,32,35.7,43.3,46.3,1,807,267
UT06356,1,40,42.1,47.4,25.8,1,547,7
UT06357,1,43,45,53.7,50.2,1,655,115
UT06358,1,45,47.3,53.8,54.4,1,623,83
UT06365,1,36,39.4,45.2,39.4,1,833,293
UT06366,1,44,47.7,55.9,55,1,833,293
UT06367,1,36,38,41,41.3,1,946,406
UT06376,1,45,47,49.9,53.3,1,673,133
UT06377,1,44,46.6,0,0,1,336,-204
UT06378,1,30,31.3,31.9,36.8,1,758,218
UT06379,1,42,44.7,45.4,46.6,1,586,46
UT06380,1,46,46.7,52.4,53.2,1,1066,526
UT06381,1,41,43,48.5,50,1,1065,525
UT06464,1,42,45.2,53.6,32,1,585,45
UT06465,1,41,44.6,46.8,46.9,1,828,288
UT06466,1,40,42.7,48,49.1,1,1085,545
UT06471,1,32,36.6,41.7,42.2,1,833,293
UT06472,1,40,41.9,45,46.4,1,990,450
UT06473,1,35,37.9,42,42.9,1,1133,593
UT06502,1,40,41.2,44.1,45.2,1,564,24
UT06503,1,45,47.7,48.1,35.2,1,558,18
UT06504,1,50,51.6,52.7,52.8,1,920,380
UT06512,1,45,49.8,54.7,0,1,539,-1
UT06513,1,36,38.7,46.7,48.2,1,725,185
UT06514,1,40,42.2,52.9,56.8,1,679,139
UT06529,1,44,45.6,49.6,50.7,1,583,43
UT06530,1,36,38.4,46.3,47.3,1,944,404
UT06531,1,46,48.7,53,53.1,1,891,351
UT06536,1,23,33.9,42.3,0,1,424,-116
UT06537,1,40,41.1,47.1,45.5,1,666,126
UT06538,1,40,41.1,45.2,44.4,1,955,415
UT06543,1,32,37.3,47.6,50,1,1071,531
UT06544,1,42,47.8,52.4,53.6,1,1016,476
UT06545,1,40,42.4,45.3,44.9,1,848,308
UT06568,1,40,42.8,0,0,1,341,-199
UT06569,1,42,47,49.9,51.2,1,624,84
UT06570,1,45,47,0,0,1,309,-231
UT06625,1,35,38.9,45.5,46.6,1,1204,664
UT06626,1,38,40.6,47.5,45.8,1,745,205
UT06627,1,36,38.7,33.7,38.1,1,1086,546
UT06635,1,35,49.8,60,0,1,479,-61
UT06636,1,36,39.7,46.7,48.1,1,916,376
UT06637,1,45,47.4,0,0,1,263,-277
UT06638,1,40,44.1,46.4,47,1,624,84
UT06639,1,40,43.1,49,49.7,1,666,126
UT06640,1,40,44.3,50.3,0,1,503,-37
UT06669,1,42,46.9,52.9,52.2,1,1008,468
UT06670,1,40,42.1,44.9,0,1,463,-77
UT06671,1,40,41,47.6,36.6,1,707,167
UT06679,1,39,36.3,42.8,44.5,1,649,109
UT06680,1,48,46.9,53.1,49.1,1,1013,473
UT06681,1,43,39.5,47.1,47.9,1,937,397
UT06693,1,45,41.5,48,50.2,1,731,191
UT06694,1,44,43.6,47.9,47.3,1,871,331
UT06695,1,36,38.3,0,0,1,226,-314
UT06696,1,40,42.8,46.4,47.9,1,902,362
UT06697,1,30,33.2,48.2,49.4,1,889,349
UT06698,1,42,45.4,49,49.4,1,912,372
UT06709,1,35,40.1,41.5,38.9,1,1083,543
UT06710,1,34,36.7,40.3,39.7,1,1084,544
UT06711,1,39,40.5,48.9,49.6,1,660,120
UT06774,1,38,40.2,34.8,37.8,1,803,263
UT06775,1,33,35.2,40.8,44,1,868,328
UT06776,1,34,34.6,34.1,38.6,1,866,326
UT06816,1,37,37,41.3,39.9,1,969,429
UT06817,1,30,31.8,42.9,43.3,1,973,433
UT06818,1,38,35.9,42.7,41.9,1,672,132
UT06847,1,39,40.2,49,50.3,1,1048,508
UT06848,1,34,34.5,38.7,39.8,1,834,294
UT06849,1,39,41.9,46.2,45.5,1,794,254
UT06871,1,46,42.4,49.5,52.1,1,830,290
UT06872,1,48,43.8,51.5,54.4,1,711,171
UT06873,1,45,40.1,49,50.4,1,807,267
UT06884,1,22,30.4,40.1,0,1,494,-46
UT06885,1,35,30.2,38.2,41.1,1,1130,590
UT06886,1,41,39.5,43.4,44.7,1,892,352
UT06897,1,40,35.2,44.2,46.4,1,644,104
UT06898,1,36,33,40.1,40,1,1083,543
UT06899,1,27,42.1,45,0,1,373,-167
UT06900,1,43,41.9,45.4,47.2,1,903,363
UT06901,1,42,45.4,41.6,44.6,1,813,273
UT06902,1,33,35.3,34.7,35.9,1,952,412
